Genus_Species,male_mass,male_mass_n,male_mass_sd,male_logmass_sd,female_mass,female_mass_n,female_mass_sd,female_logmass_sd,male_shoulder_height,female_shoulder_height,female_mean_psl,female_psl_n,Tribe,Genus,n,mean_ant_vol,max_ant_vol,mean_psl,mean_mbl,max_mbl,mean_ant_area,mean_vol_by_area,se_raw_ant_vol,se_raw_psl,se_raw_mbl,log_ant_vol,log_psl,log_mbl,log_ant_area,log_ant_vol_sd,log_psl_sd,log_mbl_sd,log_ant_area_sd,log_psl_var_est,log_vol_var_est,log_mbl_var_est,log_area_var_est,Rudimentary,BGS,Plard_MBL,Plard_MaleMass,Plard_FemaleMass,CB_MBL,CB_Shoulder,male_logmass_se,female_logmass_se,SSD_mass,SSD_psl,SSD_SH,log_ant_vol_se,log_psl_se,log_mbl_se,log_area_se
Alces_alces_alces,409.7317663,2367,33.01526999,0.077251431,340.0210025,3281,19.44825728,0.057719329,175.26,NA,17.56666667,3,Alceini,Alces,14,3.706660286,6.181765,18.80384615,64.02142857,73.2,22.61608571,8.212151451,0.379256382,0.219066033,1.312858996,1.310131279,2.934061432,4.159217849,3.11866141,0.367099753,0.04397504,0.077401213,0.355687513,0.003113181,0.176605899,0.018610058,0.133933445,no,B,144,482.5,365,108,205.7,0.001587842,0.00100767,0.186495329,0.068058265,NA,0.112315213,0.014912079,0.036459428,0.097809379
Alces_alces_americana,407.6096449,535,40.52170776,0.100593638,354.2129457,258,49.32964587,0.133045101,168,NA,18.61666667,6,Alceini,Alces,9,5.750379,11.407019,19.13333333,78.36666667,91.5,36.73612222,7.73126577,0.906485836,0.284312035,4.031301141,1.749265766,2.951432015,4.361398667,3.603760528,0.522775697,0.045647936,0.161737059,0.473110173,0.003537859,0.260066236,0.032887495,0.169017111,no,unknown,NA,NA,NA,NA,NA,0.004349042,0.008283026,0.14041169,0.027374778,NA,0.169988966,0.019826636,0.060449699,0.137038969
Alces_alces_gigas,431.5350877,57,102.0620615,0.232820364,376.800565,177,55.74291652,0.131331745,183.5217391,175.9267442,20.06,5,Alceini,Alces,7,12.53691757,21.60269,20.51428571,93.69285714,103.25,64.37162857,9.342485532,2.059342964,0.465693835,3.568720402,2.528677697,3.021121508,4.540021955,4.164672986,0.544922108,0.061421552,0.108093043,0.353484218,0.004424438,0.268438539,0.027538205,0.135936551,no,unknown,NA,NA,NA,NA,NA,0.030837811,0.009871498,0.135632781,0.022393725,0.042265448,0.19582738,0.025140856,0.062721841,0.139353892
Axis_axis,74.7260375,8,16.55405958,0.22641611,55.5,2,7.778174593,0.140608791,93.345,NA,9.5,1,Cervini,Axis,9,0.725299,1.324216,10.63333333,62.29444444,95.35,6.374444444,5.470395127,0.125560024,0.253174292,6.686352625,-0.321171295,2.363993721,4.131872248,1.852296941,0.517352565,0.070893331,0.313295718,0.401826192,0.004946428,0.257207563,0.069526719,0.147555802,no,C,84.5,89.5,39,93,93.5,0.080050183,0.099425429,0.297445572,0.112701923,NA,0.169052116,0.023443616,0.087893065,0.128043309
Axis_kuhlii,50,1,NA,0.105858446,NA,NA,NA,0.088979503,68.6,NA,NA,NA,Cervini,Axis,1,0.334632,0.334632,10.65,32.65,32.65,3.459,4.835947899,NA,NA,NA,-1.094723858,2.365559892,3.485844856,1.24097953,0.4502728,0.065298245,0.179084633,0.343161664,0.004873466,0.246473858,0.039860303,0.140259014,no,A,NA,NA,NA,24.8,68.6,0.105858446,0.088979503,NA,NA,NA,0.496461336,0.069810215,0.199650452,0.3745117
Axis_porcinus,44.28095238,21,9.710485251,0.188381076,31.55625,32,3.286095107,0.099826974,70.91655172,65,8.1,1,Cervini,Axis,16,0.245682313,0.395756,9.075,35.35625,46.85,3.082825,4.100433002,0.02078344,0.137689264,1.827554576,-1.40371599,2.20552338,3.56547518,1.125846384,0.428856457,0.062267533,0.222357029,0.389761725,0.00424321,0.205292684,0.046186721,0.146038658,no,C,39.9,41,31,49.2,68.6,0.041108121,0.017647083,0.338782948,0.113659318,0.087116588,0.113273089,0.016284982,0.05372774,0.095537512
Blastocerus_dichotomus,110,1,NA,0.105858446,70,1,NA,0.088979503,122.5,NA,11,2,Odocoileini,Blastocerus,15,1.3014148,2.102719,12.44666667,47.14333333,53.85,9.021206667,7.157777063,0.099780188,0.163842743,1.173698536,0.26345198,2.521452849,3.853192606,2.199578102,0.278292671,0.051110584,0.100269743,0.237803943,0.003479517,0.137852896,0.020648007,0.10019198,no,B,60,130,100,NA,NA,0.105858446,0.088979503,0.451985124,0.123557577,NA,0.095865495,0.01523049,0.037101669,0.081727996
Capreolus_capreolus,24.15,3,3.279862802,0.13237663,24.12527273,55,2.857102262,0.122927448,67.72,NA,7.375,4,Capreolini,Capreolus,19,0.079641368,0.219508,7.494736842,19.34444444,24.6,1.1498,3.307811533,0.009629829,0.113548218,0.752990826,-2.530221617,2.01420102,2.962405269,0.139588014,0.48497377,0.065186134,0.176914224,0.353060763,0.00445279,0.238603691,0.033868435,0.131809769,no,B,23.35,28,26.5,28.3,69.4,0.076427683,0.016575534,0.001024428,0.016105118,NA,0.11206288,0.015308735,0.042220246,0.083290793
Capreolus_pygargus,41.75,1,NA,0.105858446,39.45,1,NA,0.088979503,83.37,NA,8,3,Capreolini,Capreolus,14,0.227104,0.422398,8.464285714,31.74285714,37.6,2.856178571,4.120281659,0.017323774,0.133366035,1.066766413,-1.482347217,2.135855631,3.457667728,1.049484568,0.246139983,0.05891288,0.132260151,0.26695072,0.004033499,0.130213065,0.025826495,0.108507241,no,B,30.45,42,39.5,NA,NA,0.105858446,0.088979503,0.056665404,0.056414089,NA,0.096441346,0.016973717,0.042950549,0.088037022
Cervus_albirostris,209.1428571,14,23.06512519,0.102217302,130,13,45.96194078,0.296072917,125,NA,13.16960871,NA,Cervini,Cervus,1,3.670559,3.670559,15.15,111.45,111.45,21.9509,8.360841384,NA,NA,NA,1.300343967,2.718000532,4.71357606,3.088808141,0.4502728,0.065298245,0.179084633,0.343161664,0.004873466,0.246473858,0.039860303,0.140259014,no,C,115,204,125,NA,NA,0.027318723,0.082115853,0.475483095,0.140088727,NA,0.496461336,0.069810215,0.199650452,0.3745117
Cervus_canadensis,375.4814815,27,22.83009709,0.064140703,222.875,4,6.420994212,0.02888424,161.28,NA,15.52,10,Cervini,Cervus,14,7.100213071,12.625843,18.08928571,111.5964286,134.85,34.05442143,10.11648885,0.746948601,0.27716077,3.749323984,1.960124794,2.895319814,4.714889047,3.527959875,0.429283686,0.057711196,0.129198247,0.305024096,0.003949579,0.207578671,0.025324209,0.118528916,no,C,133.7,350,250,147.4,160,0.012343884,0.01444212,0.521598077,0.153190299,NA,0.121766366,0.016796214,0.042530837,0.092012777
Cervus_elaphus_atlanticus,149.9586259,77,17.33378342,0.116611452,106.8828757,28,2.832733129,0.026852257,NA,NA,12.3513485,NA,Cervini,Cervus,51,1.83981549,3.087296,15.64686275,70.39254902,85.75,12.08238627,7.49849666,0.072388397,0.117067683,0.971394544,0.60966529,2.750270433,4.25408742,2.491748712,0.294369056,0.053556161,0.100703817,0.213867416,0.003165744,0.108186319,0.014116083,0.067828858,no,C,93.6,NA,NA,93.6,121.9,0.013289108,0.0050746,0.338625813,0.236505186,NA,0.046057577,0.007878668,0.016636885,0.036468858
Cervus_nippon,119.8,2,3.959797975,0.033059426,71.1,2,0.141421356,0.00198905,NA,NA,10.80723415,NA,NA,NA,NA,NA,NA,12.83403212,NA,NA,NA,NA,NA,NA,NA,NA,2.552100402,NA,NA,NA,NA,NA,NA,NA,NA,NA,NA,NA,NA,NA,NA,NA,NA,NA,0.023376544,0.001406471,0.521736349,0.171884664,NA,NA,NA,NA,NA
Cervus_nippon_centralis,65.49606742,178,10.47525429,0.161066534,41.12571429,385,5.344726648,0.126558442,82.36,NA,8.6,6,Cervini,Cervus,19,0.485903895,0.93773,10.55789474,46.90263158,66.25,4.721226316,4.940415112,0.052852713,0.231612172,2.4670207,-0.721744422,2.356873896,3.848073784,1.552068579,0.518758141,0.098606876,0.241538727,0.394486239,0.008141816,0.262275308,0.052793968,0.148574685,no,B,48,52,37,56.7,80.9,0.012072447,0.006450015,0.465356524,0.205111693,NA,0.11749027,0.020700643,0.052712711,0.088429182
Cervus_nippon_keramae,35.5,1,NA,0.105858446,NA,NA,NA,0.088979503,NA,NA,NA,NA,NA,NA,NA,NA,NA,8.608626243,NA,NA,NA,NA,NA,NA,NA,NA,2.152764752,NA,NA,NA,NA,NA,NA,NA,NA,NA,NA,NA,NA,NA,NA,NA,NA,NA,0.105858446,0.088979503,NA,NA,NA,NA,NA,NA,NA
Cervus_nippon_mageshimae,28.9,1,NA,0.105858446,22.4,1,NA,0.088979503,NA,NA,7.40248753,NA,NA,NA,NA,NA,NA,8.04645598,NA,NA,NA,NA,NA,NA,NA,NA,2.085231744,NA,NA,NA,NA,NA,NA,NA,NA,NA,NA,NA,NA,NA,NA,NA,NA,NA,0.105858446,0.088979503,0.254780636,0.083415647,NA,NA,NA,NA,NA
Cervus_nippon_nippon,58.52972973,37,9.687362902,0.18720228,42.1,83,12.0528005,0.266680733,NA,NA,9.102366806,NA,NA,NA,NA,NA,NA,10.14444922,NA,NA,NA,NA,NA,NA,NA,NA,2.316926681,NA,NA,NA,NA,NA,NA,NA,NA,NA,NA,NA,NA,NA,NA,NA,NA,NA,0.030775865,0.029272013,0.329487085,0.108392213,NA,NA,NA,NA,NA
Cervus_nippon_pulchellus,66.5,35,NA,0.105858446,42.8,22,NA,0.088979503,NA,NA,9.15167476,NA,NA,NA,NA,NA,NA,10.57870126,NA,NA,NA,NA,NA,NA,NA,NA,2.358842665,NA,NA,NA,NA,NA,NA,NA,NA,NA,NA,NA,NA,NA,NA,NA,NA,NA,0.017893343,0.018970494,0.440663845,0.144905768,NA,NA,NA,NA,NA
Cervus_nippon_yakushimae,45,1,NA,0.105858446,NA,NA,NA,0.088979503,NA,NA,NA,NA,NA,NA,NA,NA,NA,9.305631822,NA,NA,NA,NA,NA,NA,NA,NA,2.230619789,NA,NA,NA,NA,NA,NA,NA,NA,NA,NA,NA,NA,NA,NA,NA,NA,NA,0.105858446,0.088979503,NA,NA,NA,NA,NA,NA,NA
Cervus_nippon_yesoensis,126.4956897,116,33.16330804,0.326239793,82.25096154,208,17.32411614,0.244186166,NA,NA,11.33555995,NA,NA,NA,NA,NA,NA,13.06525048,NA,NA,NA,NA,NA,NA,NA,NA,2.56995607,NA,NA,NA,NA,NA,NA,NA,NA,NA,NA,NA,NA,NA,NA,NA,NA,NA,0.030290604,0.016931264,0.430433154,0.142011388,NA,NA,NA,NA,NA
Dama_dama,70.00344828,174,11.20357086,0.153617208,39.68333333,180,3.579039509,0.092969003,93.22,NA,9.316666667,6,Cervini,Dama,25,1.0307648,1.943867,11.57708333,52.8848,70.3,8.993004,5.540790169,0.091851551,0.232565637,1.542992884,0.030301051,2.449027569,3.968115963,2.196446942,0.48070857,0.092045888,0.149524272,0.369379414,0.007514119,0.234851159,0.026617263,0.137924459,no,C,61.5,67,44,72.9,91,0.01164569,0.0069295,0.567613218,0.217222658,NA,0.096922889,0.017336804,0.032629596,0.074276365
Dama_mesopotamica,130,1,NA,0.105858446,NA,NA,NA,0.088979503,105,NA,NA,NA,Cervini,Dama,2,1.053666,1.28807,13.18299684,51,52.8,7.72575,6.762918617,0.234404,NA,1.8,0.052275512,2.578927881,3.931825633,2.044558905,0.4502728,0.065298245,0.179084633,0.343161664,0.004810684,0.241496623,0.038967053,0.13887436,no,unknown,NA,NA,NA,NA,NA,0.105858446,0.088979503,NA,NA,NA,0.347488577,0.049044288,0.139583403,0.263509354
Elaphodus_cephalophus,18,1,NA,0.105858446,18,1,NA,0.088979503,60,NA,6.825,4,Muntiacini,Elaphodus,6,0.000898667,0.002083,6.56,1.358333333,2.05,0.03515,1.101764127,0.000304629,0.199164923,0.179079436,-7.014598375,1.880990603,0.306258458,-3.348130661,0.871677735,0.073909839,0.312736917,0.564726832,0.005088347,0.44722551,0.062637354,0.18437437,yes,A,2.5,18,18,NA,NA,0.105858446,0.088979503,0,-0.039601738,NA,0.273015723,0.029121432,0.10217416,0.175297067
Elaphurus_davidianus,214.5,1,NA,0.105858446,149.7,1,NA,0.088979503,115.55,NA,13.2,1,Cervini,Elaphurus,7,2.010099714,3.532968,15.08571429,73.44285714,94.1,17.95387143,6.472003362,0.287860458,0.192945306,4.162437309,0.69818433,2.713748222,4.29650765,2.88780577,0.340951393,0.03371688,0.146534446,0.431832974,0.003349334,0.189794933,0.031818826,0.153310248,no,C,73.7,214,159,73.7,116.8,0.105858446,0.088979503,0.359676447,0.133531393,NA,0.164661962,0.021874101,0.067420669,0.147991432
Hippocamelus_antisensis,57.5,1,NA,0.105858446,31.86512169,NA,NA,0.088979503,79.13333333,70,8.308532844,NA,Odocoileini,Hippocamelus,4,0.26295875,0.334823,9.9,24.56,27.7,2.6803,4.817905166,0.034899877,0.6244998,1.516371766,-1.335758103,2.292534757,3.201119103,0.985928729,0.4502728,0.065298245,0.179084633,0.343161664,0.004717289,0.234310961,0.037680513,0.136560308,no,C,NA,NA,NA,26.4,86.4,0.105858446,0.088979503,0.5902729,0.175251717,0.122638951,0.242028387,0.034341262,0.097057346,0.184770336
Hippocamelus_bisulcus,95,1,NA,0.105858446,75,1,NA,0.088979503,96.9,NA,10.4,2,Odocoileini,Hippocamelus,4,0.2423235,0.390145,10.625,26.8375,32.9,3.182175,4.163328057,0.058791383,0.335099488,2.436046575,-1.417481669,2.363209715,3.289800163,1.157564925,0.4502728,0.065298245,0.179084633,0.343161664,0.004717289,0.234310961,0.037680513,0.136560308,no,B,30,95,75,24.8,96.9,0.105858446,0.088979503,0.236388778,0.021403909,NA,0.242028387,0.034341262,0.097057346,0.184770336
Mazama_americana,24.5,1,NA,0.105858446,24.5,1,NA,0.088979503,69.8,NA,7.718181818,11,Odocoileini,Mazama,23,0.015518652,0.03402,7.679782609,8.575217391,12.3,0.321221739,2.321268375,0.00149051,0.138152504,0.439006635,-4.165712612,2.038591241,2.148876344,-1.135623618,0.473888131,0.090875909,0.248307055,0.343940447,0.007298392,0.230295407,0.055994778,0.12728661,yes,A,11.5,24.5,24.5,11.5,69.8,0.105858446,0.088979503,0,-0.00498758,NA,0.100064198,0.017813517,0.049341216,0.074392207
Mazama_bricenii,10.5,1,NA,0.105858446,NA,NA,NA,0.088979503,47.5,NA,NA,NA,Odocoileini,Mazama,2,0.006056,0.006678,6.3,6.775,7.45,0.17875,1.685818792,0.000622,0.5,0.675,-5.106705763,1.840549633,1.913239367,-1.721767097,0.4502728,0.065298245,0.179084633,0.343161664,0.004810684,0.241496623,0.038967053,0.13887436,yes,unknown,NA,18,18,NA,NA,0.105858446,0.088979503,NA,NA,NA,0.347488577,0.049044288,0.139583403,0.263509354
Mazama_gouazoubira,18,1,NA,0.105858446,18,1,NA,0.088979503,56,NA,6.566666667,3,Odocoileini,Mazama,9,0.009155778,0.019203,6.316666667,8.044444444,11.25,0.237188889,1.877679663,0.001370925,0.148136574,0.672084467,-4.693370148,1.843191643,2.084981722,-1.438898456,0.364753472,0.070736908,0.265167776,0.268756286,0.004935822,0.188989377,0.055358502,0.116850041,yes,A,9.25,NA,NA,11.5,56,0.105858446,0.088979503,0,-0.038814704,NA,0.144909695,0.023418467,0.078427959,0.113944451
Mazama_rufina,12.5,1,NA,0.105858446,NA,NA,NA,0.088979503,45,NA,NA,NA,Odocoileini,Mazama,1,0.005745,0.005745,6,6.2,6.2,0.1683,1.706954225,NA,NA,NA,-5.159425368,1.791759469,1.824549292,-1.782007178,0.4502728,0.065298245,0.179084633,0.343161664,0.004873466,0.246473858,0.039860303,0.140259014,yes,unknown,NA,NA,NA,9.4,43.6,0.105858446,0.088979503,NA,NA,NA,0.496461336,0.069810215,0.199650452,0.3745117
Megaloceros_giganteus,575,1,NA,0.105858446,331.3499871,NA,NA,0.088979503,182.88,NA,18.4,1,Cervini,Megaloceros,24,25.62239689,44.251483,21.96708333,161.5419048,217.82,107.4120217,11.74928832,1.413810022,0.145953237,4.217640317,3.240162848,3.089545121,5.084764581,4.67667211,0.260615951,0.032429209,0.123666093,0.214743489,0.002101408,0.113076553,0.021466944,0.083647755,no,unknown,NA,NA,NA,NA,182.88,0.105858446,0.088979503,0.551194861,0.177194456,NA,0.068640535,0.009357279,0.029907457,0.059036625
Muntiacus_atherodes,16,1,NA,0.105858446,NA,NA,NA,0.088979503,65,NA,NA,NA,Muntiacini,Muntiacus,13,0.000622615,0.001495,6.011538462,2.757692308,3.65,0.032569231,0.814247766,0.000135351,0.065082257,0.146415084,-7.38158159,1.793680699,1.01439421,-3.424387278,0.867360638,0.039345766,0.20078836,0.500400451,0.002946633,0.553266221,0.040137585,0.188763716,yes,unknown,NA,NA,NA,NA,NA,0.105858446,0.088979503,NA,NA,NA,0.206298182,0.015055367,0.055565336,0.120500149
Muntiacus_crinifrons,23.1,23,NA,0.105858446,24.1,20,NA,0.088979503,55,NA,7.582031325,NA,Muntiacini,Muntiacus,1,0.008772,0.008772,7.3,5.5,5.5,0.2008,2.183133894,NA,NA,NA,-4.736190448,1.987874348,1.704748092,-1.605445891,0.4502728,0.065298245,0.179084633,0.343161664,0.004873466,0.246473858,0.039860303,0.140259014,yes,A,3.55,23,24.1,NA,NA,0.022073012,0.019896422,-0.042379223,-0.0379068,NA,0.496461336,0.069810215,0.199650452,0.3745117
Muntiacus_feae,21,1,NA,0.105858446,NA,NA,NA,0.088979503,55,NA,NA,NA,Muntiacini,Muntiacus,1,0.001651,0.001651,6.5,1.45,1.45,0.0554,1.487317073,NA,NA,NA,-6.406374114,1.871802177,0.371563556,-2.893175685,0.4502728,0.065298245,0.179084633,0.343161664,0.004873466,0.246473858,0.039860303,0.140259014,yes,unknown,NA,NA,NA,NA,NA,0.105858446,0.088979503,NA,NA,NA,0.496461336,0.069810215,0.199650452,0.3745117
Muntiacus_muntjak,19.66666667,9,4.242640687,0.194056155,20,10,0,0,61.37,58.42,7.277777778,9,Muntiacini,Muntiacus,22,0.052343909,0.109235,7.177272727,12.7047619,17.55,0.769790909,3.217668721,0.005783322,0.109491508,0.547254561,-2.949919698,1.970919468,2.541976876,-0.261636348,0.616893909,0.071096941,0.240157286,0.462475331,0.005001622,0.344292341,0.052886825,0.18291171,yes,unknown,24.3,19,20,17.6,56.7,0.064685385,0,-0.016807118,-0.013906097,0.049262819,0.125098569,0.015078012,0.049030058,0.091182063
Muntiacus_putaoensis,12.1,1,NA,0.105858446,11.8,1,NA,0.088979503,45.5,45.625,6.000422711,NA,Muntiacini,Muntiacus,1,0.001833,0.001833,6.045912013,2.97,2.97,0.0669,1.369990334,NA,NA,NA,-6.30180131,1.799382343,1.088561953,-2.704556312,0.4502728,0.065298245,0.179084633,0.343161664,0.004873466,0.246473858,0.039860303,0.140259014,yes,A,3.25,12,12,NA,NA,0.105858446,0.088979503,0.025105921,0.007552425,-0.002743486,0.496461336,0.069810215,0.199650452,0.3745117
Muntiacus_reevesi,8.641395349,43,4.603265146,0.402457745,9.15,60,1.811983917,0.163855398,44.5,NA,5.5,4,Muntiacini,Muntiacus,17,0.01102,0.020931,5.808823529,8.129411765,10.65,0.270423529,1.976367566,0.001122566,0.061720923,0.379895952,-4.508043475,1.75937806,2.095488567,-1.307765922,0.431882442,0.044169966,0.199548872,0.254556832,0.00298112,0.206146077,0.03983295,0.101622204,yes,A,11.4,13.5,14,8.9,44.5,0.061374231,0.021153641,-0.057189811,0.054629967,NA,0.110119207,0.013242356,0.04840573,0.077316083
Muntiacus_vuquangensis,45,1,NA,0.105858446,34,1,NA,0.088979503,67.5,NA,8.486936773,NA,Muntiacini,Muntiacus,4,0.12433075,0.206963,8,18.3875,24.55,1.445225,4.111787729,0.03356694,NA,2.398556423,-2.084809926,2.079441542,2.911671086,0.368265019,0.4502728,0.065298245,0.179084633,0.343161664,0.004717289,0.234310961,0.037680513,0.136560308,yes,A,22.75,45,34,NA,NA,0.105858446,0.088979503,0.280301965,-0.059086589,NA,0.242028387,0.034341262,0.097057346,0.184770336
Odocoileus_hemionus,76.67797295,64,13.73157656,0.169431826,58.99,91,NA,0.088979503,100.765,NA,10.43636364,11,Odocoileini,Odocoileus,9,1.095170444,2.449603,11.78611111,53.32777778,62.85,8.819311111,5.87405536,0.211976184,0.256888132,2.574529503,0.090910008,2.466921814,3.976457354,2.176943762,0.528931185,0.062957454,0.145939976,0.373610813,0.00443788,0.263347073,0.030413983,0.140027098,no,B,88.5,112.5,55.5,71,101.2,0.021178978,0.009327586,0.262246545,0.121625603,NA,0.171057844,0.022205805,0.058132018,0.124733983
Odocoileus_hemionus_columbianus,66.40592297,2,13.59930141,0.206240229,NA,NA,NA,0.088979503,NA,NA,NA,NA,NA,NA,NA,NA,NA,10.57378538,NA,NA,NA,NA,NA,NA,NA,NA,2.358377861,NA,NA,NA,NA,NA,NA,NA,NA,NA,NA,NA,NA,NA,NA,NA,NA,NA,0.145833865,0.088979503,NA,NA,NA,NA,NA,NA,NA
Odocoileus_virginianus,74.7137931,145,19.00128786,0.212256459,45.81073826,149,8.421163815,0.157402858,94.39333333,NA,10.22307692,13,Odocoileini,Odocoileus,12,0.474291667,0.994625,11.4,44.67083333,55.65,4.626383333,4.967204341,0.058291204,0.148732014,1.796929814,-0.745932816,2.433613355,3.799320791,1.531775425,0.428982723,0.045362755,0.142501725,0.301852227,0.003302045,0.209907417,0.028370397,0.119664361,no,B,65.6,154.5,68.5,65.6,98.2,0.017626939,0.012894945,0.489146198,0.108965747,NA,0.132258401,0.016588261,0.048623037,0.099860053
Odocoileus_virginianus_dakotensis,82.39032258,31,6.379916405,0.078376919,56.31034483,29,4.949747468,0.09094622,NA,NA,10.01229483,NA,NA,NA,NA,NA,NA,11.34969666,NA,NA,NA,NA,NA,NA,NA,NA,2.429191017,NA,NA,NA,NA,NA,NA,NA,NA,NA,NA,NA,NA,NA,NA,NA,NA,NA,0.01407691,0.016888289,0.380589723,0.125377197,NA,NA,NA,NA,NA
Odocoileus_virginianus_texanus ,50.14899099,70,3.873484683,0.072512814,35.70134826,75,1.285828524,0.036096993,89.51843478,84.15316883,8.623790408,NA,NA,NA,NA,NA,NA,9.642581853,NA,NA,NA,NA,NA,NA,NA,NA,2.2661889,NA,NA,NA,NA,NA,NA,NA,NA,NA,NA,NA,NA,NA,NA,NA,NA,NA,0.008666939,0.004168122,0.33980994,0.111664189,0.061806002,NA,NA,NA,NA
Ozotoceros_bezoarticus,40,1,NA,0.105858446,33.5,1,NA,0.088979503,71.85,NA,8,2,Odocoileini,Ozotoceros,12,0.161752,0.239316,8.729166667,26.9,33.4,2.290458333,3.496140008,0.011343504,0.159004757,1.207018616,-1.821690981,2.166669909,3.292126287,0.828751943,0.242463673,0.062206398,0.158807663,0.179574529,0.004313233,0.13657417,0.031257412,0.094994923,no,B,21,33.5,33.5,NA,NA,0.105858446,0.088979503,0.177334015,0.087228367,NA,0.106682617,0.0189588,0.051037088,0.088973275
Pudu_mephistophiles,5.8,1,NA,0.105858446,6,1,NA,0.088979503,31.5,NA,5.3,1,Odocoileini,Pudu,2,0.003787,0.004008,5.125,4.65,4.95,0.1129,1.67614665,0.000221,0.325,0.3,-5.57618113,1.634130525,1.53686722,-2.181252808,0.4502728,0.065298245,0.179084633,0.343161664,0.004810684,0.241496623,0.038967053,0.13887436,yes,unknown,NA,NA,NA,NA,NA,0.105858446,0.088979503,-0.033901552,-0.033576296,NA,0.347488577,0.049044288,0.139583403,0.263509354
Pudu_puda,13,1,NA,0.105858446,13.5,1,NA,0.088979503,35.5,NA,6.02,5,Odocoileini,Pudu,3,0.003920667,0.004698,5.8,6.5,7.05,0.135133333,1.418441447,0.000756431,0.152752523,0.332916406,-5.541493572,1.757857918,1.871802177,-2.001493334,0.4502728,0.065298245,0.179084633,0.343161664,0.004759627,0.237536639,0.038257602,0.137650256,yes,A,8.5,13,13.5,7.5,35.5,0.105858446,0.088979503,-0.037740328,-0.037229342,NA,0.281387419,0.039831422,0.112927118,0.214204152
Rangifer_tarandus_caribou,190.7428571,14,33.84409106,0.160150045,122.6139535,43,16.75067163,0.127053302,147.32,122.068,15.6,1,Rangiferini,Rangifer,18,2.983543333,5.793937,16.35,98.55555556,140.75,23.1665,6.128736638,0.38008704,0.205042639,6.403492829,1.093111632,2.794227897,4.590620405,3.14270727,0.601707369,0.052911181,0.299735145,0.465324703,0.003502172,0.325746502,0.074232476,0.180463722,no,unknown,NA,NA,NA,NA,NA,0.0428019,0.019375447,0.441885393,0.046956983,0.188028825,0.134525194,0.013948659,0.064218583,0.100128729
Rangifer_tarandus_granti,114.0522686,551,6.576093065,0.059520357,79.2862069,29,9.1425744,0.116190791,NA,NA,14.02727273,11,Rangiferini,Rangifer,17,3.148358235,7.246851,15.70588235,99.58125,137.5,24.62994118,5.903237182,0.464336479,0.285748577,4.903253972,1.146881122,2.754035314,4.600973894,3.203962824,0.721021798,0.075330114,0.206582075,0.508575893,0.005392228,0.430382077,0.041759709,0.200877069,no,unknown,NA,NA,NA,NA,NA,0.002535652,0.021576088,0.363592662,0.113031828,NA,0.159111888,0.017809826,0.049562622,0.108702797
Rangifer_tarandus_groenlandicus,108.85,26,28.93985142,0.261300541,73.86984127,63,18.41607993,0.222495244,NA,NA,10.94339587,NA,Rangiferini,Rangifer,2,2.848868,4.824512,13.85,108.625,146.1,21.66985,5.879976131,1.975644,1.55,37.475,1.046921722,2.628285233,4.687901584,3.075921894,0.4502728,0.065298245,0.179084633,0.343161664,0.004810684,0.241496623,0.038967053,0.13887436,NA,NA,NA,NA,NA,NA,NA,0.051245252,0.028031766,0.387666145,0.235549075,NA,0.347488577,0.049044288,0.139583403,0.263509354
Rangifer_tarandus_pearyi,69.25901639,61,9.163787427,0.121758929,56.21375,160,4.120072815,0.071448847,NA,NA,10.00666483,NA,Rangiferini,Rangifer,4,1.19153325,2.303178,12.2,76.0625,101.5,12.029,4.706018331,0.371514644,0.543139025,8.503145864,0.175240923,2.501435952,4.331555371,2.487320401,0.4502728,0.065298245,0.179084633,0.343161664,0.004717289,0.234310961,0.037680513,0.136560308,no,unknown,NA,NA,NA,NA,NA,0.015589633,0.005648527,0.208691948,0.198184598,NA,0.242028387,0.034341262,0.097057346,0.184770336
Rangifer_tarandus_tarandus,112.0515076,9,40.3221402,0.341115193,65.21626522,6,10.59900453,0.164734574,120,NA,10.50569185,NA,Rangiferini,Rangifer,6,1.575974167,1.72447,13.55,78.28333333,88.9,15.00713333,5.32242637,0.044228919,0.661689756,4.504066064,0.4548736,2.606386547,4.360334724,2.708525644,0.070372613,0.120410329,0.150005565,0.129096864,0.008383769,0.15202364,0.033036854,0.109740544,no,C,91,106.5,76,117.2,120,0.113705064,0.067252608,0.54124975,0.254469356,NA,0.159176862,0.037380408,0.074203385,0.135240862
Rucervus_duvaucelii,211.6763333,3,45.43505458,0.216069991,141.748,2,4.811154539,0.033948124,117.15,NA,11.8,1,Cervini,Rucervus,10,1.8157869,2.682287,14.13333333,67.9,73.5,17.11715,6.560682763,0.151652301,0.147478812,1.927937874,0.596518927,2.648536074,4.218036035,2.840080885,0.264947095,0.033932109,0.092645918,0.512541626,0.002981942,0.151959096,0.023024414,0.185702712,no,C,81.3,236,145,95.2,120,0.124748067,0.024004948,0.401007545,0.180436542,NA,0.12327169,0.0172683,0.047983762,0.136272782
Rucervus_eldii,105,1,NA,0.105858446,67,1,NA,0.088979503,126.97,NA,10.75,4,Cervini,Rucervus,8,1.91125875,2.470864,12.38571429,82.03125,93,12.46375,7.557393392,0.17666222,0.223073765,4.270192969,0.647762056,2.516543735,4.407100272,2.522824431,0.333403184,0.05035577,0.165566595,0.24538729,0.003831808,0.182410865,0.03394067,0.115075344,no,C,97.15,105,67,94.3,124.4,0.105858446,0.088979503,0.449267731,0.14163798,NA,0.151001186,0.021885522,0.065135119,0.119935057
Rusa_alfredi,40,1,NA,0.105858446,NA,NA,NA,0.088979503,70,NA,NA,NA,Cervini,Rusa,1,0.107417,0.107417,8.952644586,17.35,17.35,1.3788,3.896268423,NA,NA,NA,-2.231036823,2.191948973,2.853592506,0.321213556,0.4502728,0.065298245,0.179084633,0.343161664,0.004873466,0.246473858,0.039860303,0.140259014,no,unknown,NA,NA,NA,NA,NA,0.105858446,0.088979503,NA,NA,NA,0.496461336,0.069810215,0.199650452,0.3745117
Rusa_marianna,50,1,NA,0.105858446,48.73740721,NA,NA,0.088979503,72.48,NA,9.525,4,Cervini,Rusa,19,0.553700842,1.433411,10.62058824,34.04473684,47.5,4.475747368,5.758567912,0.080441046,0.166180923,1.59163059,-0.591130734,2.362794404,3.527675449,1.498673347,0.564594638,0.067170386,0.195269463,0.373734758,0.004629778,0.296939069,0.038649467,0.139944291,no,unknown,NA,NA,NA,NA,NA,0.105858446,0.088979503,0.025576155,0.108874483,NA,0.125013487,0.015610013,0.045101912,0.085822427
Rusa_timorensis,143.3333333,3,22.30097158,0.163019851,63.5,2,14.8492424,0.236013279,102.5,NA,10.23076923,13,Cervini,Rusa,6,0.591429333,1.039013,11.85,48.225,64.5,5.225333333,5.362154982,0.140192516,0.306594194,5.421388967,-0.525213073,2.472327868,3.875877559,1.653518592,0.593822491,0.062849103,0.279990804,0.445292648,0.004536682,0.287985734,0.055007724,0.154587339,no,C,67.5,95.5,53,NA,NA,0.094119555,0.16688659,0.814133014,0.146928097,NA,0.219083597,0.02749752,0.095749434,0.160513415
Rusa_unicolor,277.9014,10,62.93170818,0.244094162,172.07325,4,18.08120928,0.105293853,148.4466667,NA,12.5,12,Cervini,Rusa,14,1.003439143,2.941108,13.52857143,51.49285714,91.1,7.08475,6.369563779,0.215856785,0.384833141,4.787727148,0.003433243,2.604803851,3.941443102,1.957944587,0.773328246,0.117380787,0.339398649,0.550825618,0.010205696,0.466352214,0.08712442,0.215339776,no,B,104.9,192,146,109.8,150.7,0.077189352,0.052646926,0.479346116,0.079075207,NA,0.182512664,0.026999598,0.078887089,0.124021823
Cervus_elaphus_corsicanus,NA,NA,NA,0.105858446,48.17602482,NA,NA,0.088979503,95,82.5,9.513396555,NA,NA,NA,NA,NA,NA,NA,NA,NA,NA,NA,NA,NA,NA,NA,NA,NA,NA,NA,NA,NA,NA,NA,NA,NA,NA,NA,NA,NA,NA,NA,NA,NA,0.105858446,0.088979503,NA,NA,0.141078598,NA,NA,NA,NA
Cervus_elaphus_elaphus,NA,NA,NA,0.105858446,100.7145067,NA,NA,0.088979503,124.9,110.6,12.11313984,NA,NA,NA,NA,NA,NA,NA,NA,NA,NA,NA,NA,NA,NA,NA,NA,NA,NA,NA,NA,NA,NA,NA,NA,NA,NA,NA,NA,NA,NA,NA,NA,NA,0.105858446,0.088979503,NA,NA,0.121593328,NA,NA,NA,NA
Cervus_nippon_sichuanicus,NA,NA,NA,0.105858446,62.51124713,NA,NA,0.088979503,100.5,91.5,10.36089672,NA,NA,NA,NA,NA,NA,NA,NA,NA,NA,NA,NA,NA,NA,NA,NA,NA,NA,NA,NA,NA,NA,NA,NA,NA,NA,NA,NA,NA,NA,NA,NA,NA,0.105858446,0.088979503,NA,NA,0.093818755,NA,NA,NA,NA
Cervus_nippon_taiouanus,NA,NA,NA,0.105858446,NA,NA,NA,0.088979503,97.5,NA,NA,NA,NA,NA,NA,NA,NA,NA,NA,NA,NA,NA,NA,NA,NA,NA,NA,NA,NA,NA,NA,NA,NA,NA,NA,NA,NA,NA,NA,NA,NA,NA,NA,NA,0.105858446,0.088979503,NA,NA,NA,NA,NA,NA,NA
Mazama_chunyi,8.939927472,NA,NA,0.105858446,NA,NA,NA,0.088979503,NA,NA,NA,NA,Odocoileini,Mazama,1,0.001006,0.001006,5.3,1.7,1.7,0.0393,1.279898219,NA,NA,NA,-6.901773207,1.667706821,0.530628251,-3.23653076,0.4502728,0.065298245,0.179084633,0.343161664,0.004873466,0.246473858,0.039860303,0.140259014,yes,unknown,NA,NA,NA,NA,NA,0.105858446,0.088979503,NA,NA,NA,0.496461336,0.069810215,0.199650452,0.3745117
Mazama_temama,17.05393399,NA,NA,0.105858446,18.27308179,NA,NA,0.088979503,NA,NA,6.8,7,Odocoileini,Mazama,7,0.011832286,0.017954,6.621428571,7.9,10,0.264442857,2.188929374,0.001474127,0.226215537,0.510951493,-4.436923406,1.890311143,2.066862759,-1.330130092,0.3321505,0.093191237,0.172522761,0.217058995,0.006427987,0.187216644,0.035445003,0.11395804,yes,unknown,NA,NA,NA,NA,NA,0.105858446,0.088979503,-0.069048127,-0.026611469,NA,0.163539704,0.030303198,0.071158779,0.127592006
Muntiacus_truongsonensis,20.03925664,NA,NA,0.105858446,NA,NA,NA,0.088979503,NA,NA,NA,NA,Muntiacini,Muntiacus,1,0.003104,0.003104,7,3.35,3.35,0.0917,1.690240668,NA,NA,NA,-5.775063677,1.945910149,1.208960346,-2.3892329,0.4502728,0.065298245,0.179084633,0.343161664,0.004873466,0.246473858,0.039860303,0.140259014,yes,unknown,NA,NA,NA,NA,NA,0.105858446,0.088979503,NA,NA,NA,0.496461336,0.069810215,0.199650452,0.3745117
Odocoileus_hemionus_hemionus,NA,NA,NA,0.105858446,61.31509951,NA,NA,0.088979503,96.58,90.8,10.29552384,NA,NA,NA,NA,NA,NA,NA,NA,NA,NA,NA,NA,NA,NA,NA,NA,NA,NA,NA,NA,NA,NA,NA,NA,NA,NA,NA,NA,NA,NA,NA,NA,NA,0.105858446,0.088979503,NA,NA,0.061712395,NA,NA,NA,NA
Rucervus_schomburgki,123.1257948,NA,NA,0.105858446,NA,NA,NA,0.088979503,104.14,NA,NA,NA,Cervini,Rucervus,9,1.810971556,3.164831,13.0875,64.55555556,78.4,14.37235556,6.230122405,0.197450703,0.200148754,2.855166424,0.593863472,2.571657576,4.16752618,2.665306608,0.295267662,0.046554244,0.129548215,0.24676618,0.003577866,0.165746955,0.028115875,0.11294916,no,unknown,NA,NA,NA,NA,NA,0.105858446,0.088979503,NA,NA,NA,0.135706773,0.019938422,0.05589263,0.112026366
Sinomegaloceros_yabei,452.7039412,NA,NA,0.105858446,NA,NA,NA,0.088979503,180,NA,NA,NA,Cervini,Sinomegaloceros,1,8.287538,8.287538,20.5,NA,#NAME?,40.7994,10.15644593,NA,NA,NA,2.114752941,3.020424886,NA,3.708667375,0.4502728,0.065298245,0.179084633,0.343161664,0.004873466,0.246473858,0.039860303,0.140259014,no,unknown,NA,NA,NA,NA,180,0.105858446,0.088979503,NA,NA,NA,0.496461336,0.069810215,0.199650452,0.3745117
Rangifer_tarandus_fennicus,154.2223983,NA,NA,0.105858446,76.96785849,NA,NA,0.088979503,NA,99.38823529,11.09168246,NA,Rangiferini,Rangifer,8,1.792509875,2.700022,14.14375,94.575,113.05,16.387175,5.261305154,0.252086721,0.396686893,5.484303902,0.583616803,2.64927283,4.549393171,2.796499017,0.547295873,0.079963688,0.173963728,0.376715358,0.005551069,0.27159364,0.035296498,0.140779855,no,unknown,NA,NA,NA,NA,NA,0.105858446,0.088979503,0.695007793,0.243077331,NA,0.184253101,0.026341671,0.066423356,0.132655501
Mazama_pandora,NA,NA,NA,0.105858446,19.88197138,NA,NA,0.088979503,NA,NA,7,1,NA,NA,NA,NA,NA,NA,NA,NA,NA,NA,NA,NA,NA,NA,NA,NA,NA,NA,NA,NA,NA,NA,NA,NA,NA,NA,NA,NA,NA,NA,NA,NA,0.105858446,0.088979503,NA,NA,NA,NA,NA,NA,NA
Alces_alces_andersoni,409.2952782,NA,NA,0.105858446,NA,NA,NA,0.088979503,NA,NA,NA,NA,Alceini,Alces,1,5.106694,5.106694,19.8,79.25,79.25,37.2973,6.845822014,NA,NA,NA,1.630552228,2.985681938,4.372607413,3.618920938,0.4502728,0.065298245,0.179084633,0.343161664,0.004873466,0.246473858,0.039860303,0.140259014,NA,NA,NA,NA,NA,NA,NA,0.105858446,0.088979503,NA,NA,NA,0.496461336,0.069810215,0.199650452,0.3745117
Eucladoceros_dicranios,258.5152437,NA,NA,0.105858446,NA,NA,NA,0.088979503,NA,NA,NA,NA,Cervini,Eucladoceros,1,10.981366,10.981366,16.9,109.385,109.385,62.4767,8.78216836,NA,NA,NA,2.396199836,2.827313622,4.694873769,4.134793687,0.4502728,0.065298245,0.179084633,0.343161664,0.004873466,0.246473858,0.039860303,0.140259014,NA,NA,NA,NA,NA,NA,NA,0.105858446,0.088979503,NA,NA,NA,0.496461336,0.069810215,0.199650452,0.3745117
Odocoileus_virginianus_cariacou,40.22252069,NA,NA,0.105858446,NA,NA,NA,0.088979503,NA,NA,NA,NA,Odocoileini,Odocoileus,1,0.213048,0.213048,8.9,29.2,29.2,2.7199,3.905695546,NA,NA,NA,-1.546237787,2.186051277,3.374168709,1.000595115,0.4502728,0.065298245,0.179084633,0.343161664,0.004873466,0.246473858,0.039860303,0.140259014,NA,NA,NA,NA,NA,NA,NA,0.105858446,0.088979503,NA,NA,NA,0.496461336,0.069810215,0.199650452,0.3745117
Odocoileus_virginianus_truei,42.7647489,NA,NA,0.105858446,NA,NA,NA,0.088979503,NA,NA,NA,NA,Odocoileini,Odocoileus,5,0.0886488,0.119588,9.09,16.93,19.1,1.14394,3.838292727,0.01003536,0.269907392,0.805698455,-2.423072783,2.207174908,2.829087196,0.134478444,0.4502728,0.065298245,0.179084633,0.343161664,0.004681614,0.231632674,0.037201905,0.135583609,NA,NA,NA,NA,NA,NA,NA,0.105858446,0.088979503,NA,NA,NA,0.215235998,0.030599392,0.086257644,0.164671557
Rangifer_tarandus_platyrhynchus,98.06096244,NA,NA,0.105858446,NA,NA,NA,0.088979503,NA,NA,NA,NA,Rangiferini,Rangifer,2,2.0591275,2.209395,12.1,84.375,89.9,18.87285,5.461845264,0.1502675,0.7,5.525,0.722282349,2.493205453,4.435271149,2.937724381,0.4502728,0.065298245,0.179084633,0.343161664,0.004810684,0.241496623,0.038967053,0.13887436,NA,NA,NA,NA,NA,NA,NA,0.105858446,0.088979503,NA,NA,NA,0.347488577,0.049044288,0.139583403,0.263509354